<?xml version="1.0" encoding="UTF-8" standalone="no"?>
<manifest xmlns="http://tizen.org/ns/packages" api-version="2.4" package="org.example.camera" version="1.0.0">
    <profile name="mobile"/>
    <ui-application appid="org.example.camera" exec="camera" multiple="false" nodisplay="false" taskmanage="true" type="capp">
        <label>camera</label>
        <icon>camera.png</icon>
    </ui-application>
    <privileges>
        <privilege>http://tizen.org/privilege/mediastorage</privilege>
        <privilege>http://tizen.org/privilege/camera</privilege>
    </privileges>
</manifest>
